SampleID	Rawfile_R1	Rawfile_R2	readpairs	genotype	treatment
A1	A1_1.fq.gz	A1_2.fq.gz	10328164	WT	Control
A2	A2_1.fq.gz	A2_2.fq.gz	10955000	Mutant	Control
A3	A3_1.fq.gz	A3_2.fq.gz	9889133	WT	Stress
A4	A4_1.fq.gz	A4_2.fq.gz	9492760	Mutant	Stress
B1	B1_1.fq.gz	B1_2.fq.gz	12317650	WT	Control
B2	B2_1.fq.gz	B2_2.fq.gz	11998490	Mutant	Control
B3	B3_1.fq.gz	B3_2.fq.gz	10785122	WT	Stress
B4	B4_1.fq.gz	B4_2.fq.gz	10335324	Mutant	Stress
C1	C1_1.fq.gz	C1_2.fq.gz	12392474	WT	Control
C2	C2_1.fq.gz	C2_2.fq.gz	10979450	Mutant	Control
C3	C3_1.fq.gz	C3_2.fq.gz	11626514	WT	Stress
C4	C4_1.fq.gz	C4_2.fq.gz	10928051	Mutant	Stress
D1	D1_1.fq.gz	D1_2.fq.gz	9795062	WT	Control
D2	D2_1.fq.gz	D2_2.fq.gz	10097591	Mutant	Control
D3	D3_1.fq.gz	D3_2.fq.gz	9451880	WT	Stress
D4	D4_1.fq.gz	D4_2.fq.gz	12474184	Mutant	Stress
E1	E1_1.fq.gz	E1_2.fq.gz	12099436	WT	Control
E2	E2_1.fq.gz	E2_2.fq.gz	9547837	Mutant	Control
E3	E3_1.fq.gz	E3_2.fq.gz	10584806	WT	Stress
E4	E4_1.fq.gz	E4_2.fq.gz	10610133	Mutant	Stress
